{"features": ["Pregnancies", "Glucose", "BloodPressure", "SkinThickness", "Insulin", "BMI", "DiabetesPedigreeFunction", "Age"], "members": [{"median": [3.0, 119.0, 69.0, 23.0, 125.0, 32.4, 0.4345, 38.0], "mean": [2.986666666666667, 118.8325, 69.90833333333333, 24.139166666666668, 139.47833333333332, 32.312583333333336, 0.5114441666666666, 38.958333333333336], "scale": [1.7300738584105464, 31.406810998306298, 18.12098039719583, 11.0314610382709, 87.35570691463468, 6.547603886898033, 0.3535783956672676, 7.217681799272919], "coef": [0.3085272554829591, 1.1222388422481144, -0.036055638764077226, -0.04334516660928843, 0.01428297702570136, 0.6423207073330205, 0.2738748296373405, 0.5261766535454673], "intercept": -0.8480801915385762, "a": -1.001691770927628, "b": 0.014803927344841457}, {"median": [3.0, 119.0, 69.0, 24.0, 124.0, 32.4, 0.4245, 39.0], "mean": [3.0125, 118.91666666666667, 69.8475, 24.721666666666668, 140.38333333333333, 32.37125, 0.5052583333333333, 39.0625], "scale": [1.7693719460117292, 31.06693937648545, 18.295470580173664, 10.906994570254243, 91.2938646472052, 6.602445135768516, 0.36271307980811623, 7.34712599705944], "coef": [0.28495035223390225, 1.1167560573763358, -0.1257013313289211, -0.023801598186321053, 0.062275896270321464, 0.6432699857388845, 0.23834126111380063, 0.5919313984689122], "intercept": -0.8616777781269984, "a": -0.9635245120105017, "b": -0.09268172047185742}, {"median": [3.0, 119.0, 70.0, 24.0, 127.5, 31.9, 0.418, 38.0], "mean": [3.046666666666667, 119.29333333333334, 69.76166666666667, 24.793333333333333, 141.13916666666665, 31.98633333333333, 0.5007491666666667, 39.01166666666666], "scale": [1.7859140205757076, 30.83889247182669, 18.247050827158038, 10.840077900499097, 88.81628163033447, 6.512578589843572, 0.36893147003561366, 7.311967169571324], "coef": [0.3039933269320404, 1.114452483322894, -0.06357419419499875, 0.0877113498925433, 0.0923224160566565, 0.6378839556761795, 0.3266311840822545, 0.5971538723975182], "intercept": -0.8711936799883794, "a": -0.8559626345321528, "b": 0.07678841375450268}, {"median": [3.0, 119.0, 68.0, 24.0, 124.0, 32.3, 0.416, 38.0], "mean": [2.9716666666666667, 119.4625, 68.85083333333333, 24.885, 140.02833333333334, 32.208333333333336, 0.49985333333333337, 38.83416666666667], "scale": [1.7342233292040434, 31.101719037431568, 18.232944065771594, 11.10248207984743, 88.74180261046963, 6.506278805038168, 0.36340973912223223, 7.324047103359059], "coef": [0.2949889618180026, 1.0916027251423894, -0.0961181362973181, 0.04075892536441454, 0.11269534527738141, 0.6824159761635807, 0.23386687261171682, 0.5776808921918895], "intercept": -0.8580634635022926, "a": -0.9485983879483832, "b": 0.029657099576650255}, {"median": [3.0, 119.0, 68.0, 23.0, 127.0, 31.9, 0.4255, 38.0], "mean": [2.9891666666666667, 119.13833333333334, 69.00916666666667, 24.269166666666667, 140.21, 32.11533333333333, 0.5068583333333333, 38.873333333333335], "scale": [1.7250263685585279, 30.85653680970839, 18.05138266095487, 10.947071875112947, 84.96718523445782, 6.62779110178413, 0.3625078986687355, 7.381663468050785], "coef": [0.34379894878071743, 1.1027757833204985, -0.07183673029809469, 0.015042119363517606, 0.0005715624253666387, 0.6107516564687457, 0.29092810924731055, 0.5721306610611147], "intercept": -0.8539334794997321, "a": -0.9806818693260335, "b": 0.07396955013332031}], "ranges": [[0, 17, 2, 1], [44, 199, 117, 1], [24, 122, 72, 1], [0, 99, 23, 1], [0, 846, 80, 1], [18, 67, 32, 0.1], [0.08, 2.5, 0.47, 0.01], [21, 81, 33, 1]], "importance": {"Glucose": 0.42, "BMI": 0.2, "Age": 0.16, "DiabetesPedigreeFunction": 0.09, "Pregnancies": 0.06, "Insulin": 0.03, "BloodPressure": 0.02, "SkinThickness": 0.02}}